theme,word
Animals,Dog
Animals,Cat
Animals,Dolphin
Animals,Elephant
Animals,Lion
Animals,Zebra
Animals,Cavalo
Animals,Parrot
Animals,Crocodile
Animals,Monkey
Animals,Snake
Animals,Bear
Animals,Whale
Animals,Hippo
Animals,Giraffe
Animals,Kangaroo
Animals,Tiger
Animals,Cheetah
Animals,Rhinoceros
Animals,Owl
Animals,Eagle
Animals,Shark
Animals,Butterfly
Animals,Fox
Animals,Rabbit
Animals,Wolf
Animals,Deer
Animals,Turtle
Animals,Penguin
Animals,Flamingo
Animals,Koala
Animals,Panda
Animals,Kangaroo
Animals,Hippopotamus
Animals,Rhinoceros
Animals,Walrus
Animals,Seahorse
Animals,Jellyfish
Animals,Octopus
Animals,Crab
Animals,Lobster
Animals,Spider
Animals,Scorpion
Animals,Ant
Animals,Bee
Animals,Ladybug
Animals,Frog
Animals,Toad
Animals,Lizard
Animals,Chameleon
Animals,Snake
Animals,Parrot
Animals,Penguin
Animals,Peacock
Animals,Ostrich
Animals,Hummingbird
Animals,Toucan
Animals,Flamingo
Animals,Parakeet
Animals,Macaw
Animals,Eagle
Countries,Portugal
Countries,Spain
Countries,France
Countries,Germany
Countries,Italy
Countries,United States
Countries,Brazil
Countries,China
Countries,Japan
Countries,Canada
Countries,Australia
Countries,Russia
Countries,India
Countries,Mexico
Countries,Egypt
Countries,South Africa
Countries,Argentina
Countries,England
Countries,Ireland
Countries,New Zealand
Countries,Indonesia
Countries,Nigeria
Countries,Thailand
Countries,Colombia
Countries,South Korea
Countries,Argentina
Countries,Kenya
Countries,Ethiopia
Countries,Vietnam
Countries,Poland
Countries,Iran
Countries,Turkey
Countries,Saudi Arabia
Countries,Peru
Countries,Chile
Countries,Venezuela
Countries,Morocco
Countries,Algeria
Countries,Ukraine
Countries,Iraq
Countries,Afghanistan
Food,Pizza
Food,Pasta
Food,Hamburger
Food,Sushi
Food,Burrito
Food,Salad
Food,Ice Cream
Food,Chocolate
Food,Fruits
Food,Soup
Food,Sandwiches
Food,Cake
Food,Chicken
Food,Fish
Food,Taco
Food,Hotdog
Food,Fries
Food,Cookie
Food,Candy
Food,Bread
Food,Rice
Food,Noodles
Food,Eggs
Food,Yogurt
Food,Cheese
Food,Steak
Food,Fruits
Food,Vegetables
Food,Pancakes
Food,Waffles
Food,Soup
Food,Pasta
Food,Seafood
Sports,Football
Sports,Basketball
Sports,Tennis
Sports,Baseball
Sports,Soccer
Sports,Swimming
Sports,Cycling
Sports,Gymnastics
Sports,Volleyball
Sports,Hockey
Sports,Golf
Sports,Boxing
Sports,Badminton
Sports,Archery
Sports,Curling
Sports,Rugby
Sports,Cricket
Sports,Surfing
Sports,Skateboarding
Sports,Track and Field
Sports,Martial Arts
Sports,Figure Skating
Sports,Weightlifting
Sports,Bowling
Sports,Rowing
Sports,Sailing
Sports,Climbing
Sports,Horse Racing
Sports,Motorsports
Sports,Basketball
Sports,Tennis
Sports,Badminton
Sports,Table Tennis
Sports,Handball
Sports,Squash
Sports,Fencing
Sports,Judo
Sports,Taekwondo
Sports,Wrestling
Professions,Doctor
Professions,Teacher
Professions,Engineer
Professions,Lawyer
Professions,Police Officer
Professions,Firefighter
Professions,Musician
Professions,Artist
Professions,Writer
Professions,Programmer
Professions,Nurse
Professions,Chef
Professions,Dentist
Professions,Pilot
Professions,Veterinarian
Professions,Architect
Professions,Accountant
Professions,Mechanic
Professions,Hairdresser
Professions,Therapist
Professions,Web Developer
Professions,Baker
Professions,Bartender
Professions,Blogger
Professions,Bus Driver
Professions,Carpenter
Professions,Cashier
Professions,Construction Worker
Professions,Electrician
Professions,Entrepreneur
Professions,Farmer
Professions,Flight Attendant
Professions,Gardener
Professions,Graphic Designer
Professions,Housekeeper
Professions,Interior Designer
Professions,Interpreter
Professions,Janitor
Professions,Journalist
Professions,Librarian
Professions,Lifeguard
Professions,Mail Carrier
Professions,Makeup Artist
Professions,Manager
Professions,Marketing Specialist
Professions,Massage Therapist
Professions,Math Teacher
Professions,Model
Professions,Mortician
Professions,Music Teacher
Professions,Paramedic
Professions,Pharmacist
Professions,Physical Therapist
Professions,Plumber
Professions,Police Detective
Professions,Politician
Professions,Postal Worker
Professions,Receptionist
Professions,Restaurant Manager
Professions,Retail Worker
Professions,Salesperson
Professions,Scientist
Professions,Secretary
Professions,Security Guard
Professions,Social Worker
Professions,Software Engineer
Professions,Taxi Driver
Professions,Translator
Professions,Travel Agent
Professions,Truck Driver
Professions,Waiter/Waitress
Professions,Web Designer
Professions,Welder
Professions,Actor
Professions,Actress
Professions,Anthropologist
Professions,Archaeologist
Professions,Astronaut
Professions,Astronomer
Professions,Athlete
Professions,Author
Professions,Biologist
Professions,Chemist
Professions,Dancer
Professions,Dentist
Professions,Ecologist
Professions,Fashion Designer
Professions,Filmmaker
Professions,Geologist
Professions,Historian
Professions,Lawyer
Professions,Librarian
Professions,Mathematician
Professions,Meteorologist
Professions,Oceanographer
Professions,Paleontologist
Professions,Photographer
Professions,Phlebotomist
Professions,Physical Therapist
Professions,Pilot
Professions,Plumber
Professions,Police Officer
Professions,Politician
Professions,Priest
Professions,Psychologist
Professions,Radiologist
Professions,Software Engineer
Professions,Sociologist
Professions,Surgeon
Professions,Teacher
Professions,Veterinarian
Professions,Yoga Instructor
Professions,Zoologist
